ProductID,ProductName,ProductGroupID,Price,Description,StockQuantity
1,prove,9,47.55,Report talk letter. Race next perhaps never star.,472
2,new,1,676.83,Never sit her debate. Appear skill skin sing forget evidence not.,270
3,nearly,9,79.0,Day style picture democratic material science. Nothing want lead tell.,190
4,Mr,6,370.16,Like factor major edge region wind operation. Woman each miss challenge camera.,439
5,mission,6,732.6,Computer oil early best. Traditional program mean town official unit leg. Game music hot.,376
6,tax,7,712.76,Response win standard mouth. Seek some thousand record this rate.,212
7,wind,8,552.17,Bit visit describe stop hit open. Lose successful contain animal night simple third free.,453
8,adult,10,258.5,House play fear night seven spring. Situation where listen few newspaper last sport.,509
9,defense,2,810.62,Total election business ok realize choose. In control about product society. Take ok area.,37
10,share,6,683.89,She entire light magazine court mission significant. Quality share never expect.,20
11,policy,2,110.17,Option one like quality five finish. Everyone issue behind rule item. Lead letter garden.,355
12,start,9,326.69,Pretty hot forward case art read. Economy game thank society garden five stuff. Admit movie run.,899
13,marriage,5,565.5,Speak car again player wife safe stuff modern.,700
14,feeling,4,336.2,Think present want work recently. While clearly side. South southern value generation interest.,926
15,person,4,351.77,Agent ball eight. Across interest close so practice interest because.,418
16,if,9,753.57,Open ever instead wind. Black less reduce control. Site century power finally nothing build.,749
17,most,2,718.96,Enter goal since move for. Line no again different conference.,57
18,plant,7,919.64,"Glass reason join body perhaps.
Example pay stay technology.",99
19,her,6,985.67,Economy either way finish he. Deep from plant commercial drug spend fly education.,322
20,inside,5,980.81,Sit weight a interesting seat stay behind. Member set amount west safe.,459
21,tough,4,164.4,Magazine consumer whole thing office. Four white list open direction message friend amount.,151
22,accept,10,111.73,Evening respond herself. Feeling if still clearly.,484
23,force,3,775.61,Power understand trade detail term recognize employee. Within step film like father could.,537
24,several,1,86.5,Range front data course. Body mean song include start.,876
25,base,4,112.74,Page teach pay present the. Seek suddenly build wish discussion.,664
26,responsibility,4,153.51,Might dream able. Foreign executive knowledge new.,472
27,direction,2,245.32,Task against know order arrive American statement. Point art year heavy apply. Major he size story.,153
28,person,1,794.63,Few site direction national summer hair. Party firm boy work accept.,435
29,to,3,226.3,Ten network vote a anything capital produce. Walk school theory player door house attention media.,117
30,morning,3,565.29,"When language couple cost. Economy various can.
Forward deep base sometimes section.",733
31,song,3,135.27,Cell ever agree today. Interest personal rise choice.,721
32,thousand,7,454.63,Forward buy letter work speak.,391
33,most,5,182.87,In note pull top. Artist life history it later both.,847
34,reduce,8,129.46,Yes remain exist author set police. Sure of manager current dog.,235
35,lay,3,786.15,Man statement drive knowledge arm. Girl story bad human. According bring often international.,961
36,scientist,9,31.21,Responsibility provide his green land down. Between rise notice.,617
37,Republican,8,595.37,Way glass quality. Manager finish true officer though light.,33
38,build,7,298.29,Around what guess activity also expert.,406
39,form,5,361.2,Campaign group walk leader across gas what. Culture practice him movie concern why.,920
40,heart,8,859.89,Yard too relationship actually teach crime. Participant should organization main girl maintain.,596
41,threat,9,781.47,Likely sing create many give. During hand money by control whom land throw.,713
42,property,4,961.65,Your woman organization bill court watch. Protect any send camera.,291
43,form,5,53.19,Board kid how care. Coach must race student citizen ahead instead. Memory politics part he always.,791
44,ten,9,538.37,Watch save dark. Activity able visit significant.,985
45,finally,3,533.97,Break character raise list. Gun top crime cover reach reduce expect name.,239
46,data,9,803.21,Beat player model option say people. Section show candidate. Artist front music traditional.,817
47,catch,5,572.69,Administration cover sit. Half talk finish off require. Firm exist such some world.,302
48,employee,2,99.61,She weight popular anyone level sing.,613
49,beautiful,10,986.38,Hour his north. Of often risk avoid every party.,37
50,prepare,3,521.24,Before rule born foot. Artist federal can perhaps people summer.,404
