SaleID,CustomerID,ProductID,SaleDate,Quantity,TotalPrice,ProductName,ProductGroupID,Price,Description,StockQuantity,FirstName,LastName,Email,Phone,Address,City,State,Country,ZipCode
1,69,4,2023-07-05,15,5696.55,Mr,6,370.16,Like factor major edge region wind operation. Woman each miss challenge camera.,439,julian,johnson,tcurry@smith.com,001-571-675-8311x053,"05763 Dylan Mall Suite 133
Port Laurenside, RI 48633",Port Paulfort,Alabama,British Virgin Islands,85868
2,114,35,2024-01-28,13,1285.2,lay,3,786.15,Man statement drive knowledge arm. Girl story bad human. According bring often international.,961,elizabeth,baker,banksmark@yahoo.com,(466)803-9372x7292,"Unit 5045 Box 8102
DPO AP 91854",East Jamestown,Kansas,United States of America,74152
3,37,35,2023-07-10,11,9708.37,lay,3,786.15,Man statement drive knowledge arm. Girl story bad human. According bring often international.,961,kristy,durham,trobinson@yahoo.com,588-872-1340,"613 Smith Cliff
Prattland, NY 72162",East Christopherhaven,New Mexico,Finland,89217
4,90,21,2023-10-13,14,3643.5,tough,4,164.4,Magazine consumer whole thing office. Four white list open direction message friend amount.,151,jerry,mitchell,michelle70@gmail.com,795-073-4452x637,"9403 Young Ports Suite 576
New Jasonhaven, NE 73073",Lake John,Massachusetts,Guernsey,40166
5,99,49,2023-12-01,10,4035.75,beautiful,10,986.38,Hour his north. Of often risk avoid every party.,37,anthony,gonzalez,sdavis@yahoo.com,944.351.7592x3257,"26979 Pham Radial
Mollychester, DC 93773",Maryton,Arizona,Jersey,21998
6,119,7,2023-12-02,9,5410.19,wind,8,552.17,Bit visit describe stop hit open. Lose successful contain animal night simple third free.,453,troy,lewis,mackenzie71@stewart.com,(339)515-6246x67010,"7585 Kari Key
East Shannon, NV 16440",West Jenniferland,Michigan,Mozambique,77368
7,6,23,2023-06-18,17,9920.91,force,3,775.61,Power understand trade detail term recognize employee. Within step film like father could.,537,traci,murphy,baileymichelle@holmes-lowery.org,(964)452-1714x385,"9237 Phillip Creek Suite 317
Lake Ericland, KS 07139",Darylville,New Mexico,Cyprus,50064
8,53,15,2023-09-04,5,3983.4,person,4,351.77,Agent ball eight. Across interest close so practice interest because.,418,scott,ware,timothy20@goodman.com,(046)220-6026x8824,"46238 Chavez Garden Apt. 323
Frazierburgh, NY 19092",Lake Nicole,Pennsylvania,Christmas Island,26342
9,54,45,2024-05-09,4,6245.48,finally,3,533.97,Break character raise list. Gun top crime cover reach reduce expect name.,239,kenneth,williams,chad97@yahoo.com,352.031.9283,"74196 Melissa Drives
New Jacob, TN 34806",Griffinhaven,New York,Paraguay,23562
10,12,18,2024-02-24,1,8396.12,plant,7,919.64,"Glass reason join body perhaps.
Example pay stay technology.",99,miguel,coffey,wendymata@jordan-parks.net,808.325.3453x6098,"52870 Michael Greens
Lake Anthonyton, IL 98492",Forbesland,Utah,Tunisia,12289
11,27,10,2024-05-25,8,8389.94,share,6,683.89,She entire light magazine court mission significant. Quality share never expect.,20,sara,woods,flawson@young.biz,373-222-3898x389,"50733 Tommy View Apt. 310
Melindaside, KS 25157",Sandraport,Iowa,Guinea,47135
12,83,12,2023-12-14,9,1700.16,start,9,326.69,Pretty hot forward case art read. Economy game thank society garden five stuff. Admit movie run.,899,jason,wise,hberg@yahoo.com,+1-217-613-4847x0133,"4176 Hart Squares Suite 204
Lake Richardville, FL 13360",North Ethanbury,Wisconsin,United States Minor Outlying Islands,55591
13,54,37,2024-01-09,19,8609.16,Republican,8,595.37,Way glass quality. Manager finish true officer though light.,33,kenneth,williams,chad97@yahoo.com,352.031.9283,"74196 Melissa Drives
New Jacob, TN 34806",Griffinhaven,New York,Paraguay,23562
14,107,36,2023-09-01,13,5703.5,scientist,9,31.21,Responsibility provide his green land down. Between rise notice.,617,lauren,barrett,dixonjodi@gmail.com,+1-307-112-3797x87646,"511 Brenda Terrace
Port Christopherbury, NH 14700",New Justinside,South Carolina,Germany,60014
15,125,26,2023-10-05,18,7292.9,responsibility,4,153.51,Might dream able. Foreign executive knowledge new.,472,andrew,cook,amber21@roberts-stafford.com,7584570851,"50934 Brock Locks
Vanessaview, HI 08714",Stewartfurt,Indiana,Brazil,63037
16,86,2,2023-07-17,17,5652.61,new,1,676.83,Never sit her debate. Appear skill skin sing forget evidence not.,270,adam,gibson,christopherrobinson@nash-brown.info,0915374021,"75380 James Parkways Apt. 280
North Corey, ID 76594",Leblancshire,Iowa,Turks and Caicos Islands,22612
17,139,9,2024-03-26,10,8161.77,defense,2,810.62,Total election business ok realize choose. In control about product society. Take ok area.,37,rebecca,francis,ograham@torres.org,156-742-3486x1993,"51184 Weber Ranch Suite 259
East Daniel, SC 63375",North Ruthchester,Illinois,Ukraine,31734
18,2,32,2024-05-10,15,4550.11,thousand,7,454.63,Forward buy letter work speak.,391,sharon,willis,jbartlett@gmail.com,+1-539-422-2202x39285,"143 Holt Springs Suite 511
Coxfort, MS 68418",Marissafurt,Indiana,French Southern Territories,77532
19,133,14,2023-10-27,3,4373.2,feeling,4,336.2,Think present want work recently. While clearly side. South southern value generation interest.,926,steven,garcia,mary14@yahoo.com,487.970.6603x851,"168 Rivera Stream
Thomasport, OH 78306",East Bridgetmouth,New York,Uganda,37780
20,91,45,2024-06-06,1,7491.29,finally,3,533.97,Break character raise list. Gun top crime cover reach reduce expect name.,239,russell,medina,shaun64@yahoo.com,656-457-1731,"8543 Lopez Path
New Carlosfort, KY 95404",Lopezside,Colorado,Saint Martin,79031
21,138,44,2023-09-20,15,102.87,ten,9,538.37,Watch save dark. Activity able visit significant.,985,sandra,schmidt,marissa82@diaz.com,+1-971-931-1499x035,"650 Love Village
Scottmouth, MA 06156",Parkermouth,Nevada,Mozambique,57347
22,98,43,2024-03-25,16,1971.27,form,5,53.19,Board kid how care. Coach must race student citizen ahead instead. Memory politics part he always.,791,bryan,mclaughlin,josephcrawford@gmail.com,001-353-316-5336x35480,"30937 Carlos Tunnel Suite 858
West Glennfort, HI 83435",New Sarah,South Dakota,Sudan,55207
23,153,31,2023-07-02,5,5474.95,song,3,135.27,Cell ever agree today. Interest personal rise choice.,721,maria,baker,poolepatrick@yahoo.com,5897625562,"2576 Loretta Trail Apt. 970
Thompsonfurt, MD 14575",East Adrian,Arizona,Palau,93289
24,20,33,2024-01-04,7,4257.5,most,5,182.87,In note pull top. Artist life history it later both.,847,kenneth,sharp,xboyd@thomas.com,4306087251,"65226 Larry Landing Apt. 946
Stephenside, NM 31714",Thomasside,Illinois,Northern Mariana Islands,37131
25,90,31,2024-03-02,16,7707.47,song,3,135.27,Cell ever agree today. Interest personal rise choice.,721,jerry,mitchell,michelle70@gmail.com,795-073-4452x637,"9403 Young Ports Suite 576
New Jasonhaven, NE 73073",Lake John,Massachusetts,Guernsey,40166
26,141,16,2023-07-29,6,666.1,if,9,753.57,Open ever instead wind. Black less reduce control. Site century power finally nothing build.,749,april,mckenzie,hschaefer@contreras-huffman.biz,112.159.1459x0724,"537 Melinda Fort Apt. 535
Theresaborough, WA 49616",Fergusonfort,Indiana,Gambia,2382
27,3,43,2024-01-11,2,1402.2,form,5,53.19,Board kid how care. Coach must race student citizen ahead instead. Memory politics part he always.,791,nicholas,murillo,williamquinn@greer.biz,(373)914-4404x871,"624 Thomas Cliff Apt. 060
Rachelmouth, ME 44834",Lake Angela,Ohio,Guinea-Bissau,18956
28,180,20,2024-01-22,11,6763.91,inside,5,980.81,Sit weight a interesting seat stay behind. Member set amount west safe.,459,sarah,stewart,kingmatthew@hotmail.com,001-095-320-0322,"7590 Simpson Terrace Suite 518
Codyfurt, MI 59697",West Carlosmouth,Oregon,Antarctica (the territory South of 60 deg S),85998
29,139,17,2024-06-17,15,8894.57,most,2,718.96,Enter goal since move for. Line no again different conference.,57,rebecca,francis,ograham@torres.org,156-742-3486x1993,"51184 Weber Ranch Suite 259
East Daniel, SC 63375",North Ruthchester,Illinois,Ukraine,31734
30,40,47,2024-02-21,9,6990.31,catch,5,572.69,Administration cover sit. Half talk finish off require. Firm exist such some world.,302,gwendolyn,pierce,jimsingleton@conner-evans.com,5821410266,"22648 Angela View
Port Timothyborough, UT 34173",Hinesport,Connecticut,Swaziland,15531
31,39,6,2024-05-09,15,4591.39,tax,7,712.76,Response win standard mouth. Seek some thousand record this rate.,212,debra,rose,kayladunn@gmail.com,794-463-2586,"54903 Susan Square
West Michael, SC 30136",Briannafurt,Oregon,Belize,93106
32,103,25,2024-05-23,7,7154.67,base,4,112.74,Page teach pay present the. Seek suddenly build wish discussion.,664,krista,leach,amckinney@yahoo.com,001-985-336-6656x27352,"USNV Lamb
FPO AE 48495",Jeffreymouth,Florida,Turkmenistan,2724
33,190,47,2024-03-13,19,9201.76,catch,5,572.69,Administration cover sit. Half talk finish off require. Firm exist such some world.,302,tammy,ortiz,emorales@collins.com,+1-310-891-2716x9301,"0177 Andrew Hollow
New William, SD 56697",Rodriguezburgh,Wyoming,Guinea-Bissau,13757
34,42,16,2023-06-30,2,2728.9,if,9,753.57,Open ever instead wind. Black less reduce control. Site century power finally nothing build.,749,desiree,kaiser,davilalauren@yahoo.com,+1-380-461-0711x82281,"97362 Nathan Greens
New Cody, NH 63469",East Veronicastad,Pennsylvania,Malawi,59947
35,182,50,2024-04-06,12,2284.89,prepare,3,521.24,Before rule born foot. Artist federal can perhaps people summer.,404,john,garcia,andrewmassey@allen.biz,1412732359,"5301 Dawn Vista
North Joshuastad, TX 82260",New Kyle,Connecticut,Korea,60447
36,132,34,2023-10-02,18,2978.85,reduce,8,129.46,Yes remain exist author set police. Sure of manager current dog.,235,christy,foster,petersmaria@yahoo.com,001-455-776-3466x45903,"670 Leah Orchard
Dawnton, VT 17818",West Nicholas,North Dakota,Bulgaria,49299
37,71,8,2024-05-03,19,9982.72,adult,10,258.5,House play fear night seven spring. Situation where listen few newspaper last sport.,509,jessica,smith,derekmendez@perez.biz,(731)667-2786x4036,"Unit 7071 Box 9147
DPO AA 17783",East Makaylaside,Hawaii,Saudi Arabia,82197
38,39,5,2024-03-25,5,6614.88,mission,6,732.6,Computer oil early best. Traditional program mean town official unit leg. Game music hot.,376,debra,rose,kayladunn@gmail.com,794-463-2586,"54903 Susan Square
West Michael, SC 30136",Briannafurt,Oregon,Belize,93106
39,60,29,2023-12-24,10,6254.27,to,3,226.3,Ten network vote a anything capital produce. Walk school theory player door house attention media.,117,tracey,salazar,christopher10@yahoo.com,761-896-1488,"10644 Watson Junctions
Jamesfurt, NY 01580",Jeffreyberg,Georgia,Bosnia and Herzegovina,5419
40,153,11,2023-07-19,12,4244.7,policy,2,110.17,Option one like quality five finish. Everyone issue behind rule item. Lead letter garden.,355,maria,baker,poolepatrick@yahoo.com,5897625562,"2576 Loretta Trail Apt. 970
Thompsonfurt, MD 14575",East Adrian,Arizona,Palau,93289
41,53,36,2024-04-27,10,7571.9,scientist,9,31.21,Responsibility provide his green land down. Between rise notice.,617,scott,ware,timothy20@goodman.com,(046)220-6026x8824,"46238 Chavez Garden Apt. 323
Frazierburgh, NY 19092",Lake Nicole,Pennsylvania,Christmas Island,26342
42,10,17,2024-01-22,10,9001.7,most,2,718.96,Enter goal since move for. Line no again different conference.,57,michael,allen,maxwellbrian@simpson.com,+1-985-036-8849x4989,"83374 Joseph Mill Suite 490
South Elizabethberg, PA 36028",Riveraland,Michigan,Cocos (Keeling) Islands,16087
43,175,21,2023-08-10,9,490.22,tough,4,164.4,Magazine consumer whole thing office. Four white list open direction message friend amount.,151,stephanie,bryan,kaitlyn35@gmail.com,(130)088-8510,"698 Sonya Forge Apt. 657
North Kathyville, AZ 84348",Williamside,Missouri,El Salvador,27479
44,72,12,2023-10-08,14,525.55,start,9,326.69,Pretty hot forward case art read. Economy game thank society garden five stuff. Admit movie run.,899,natasha,sampson,yluna@nguyen.net,(323)357-7198,"423 Watson Avenue Apt. 145
Lake Catherineburgh, WV 12293",Pruittbury,Maryland,South Georgia and the South Sandwich Islands,95329
45,17,22,2024-02-03,11,2074.36,accept,10,111.73,Evening respond herself. Feeling if still clearly.,484,donald,keller,douglas60@gmail.com,(644)461-3854x931,"82845 Padilla Spurs
West Jamesville, VA 08661",Nealland,Maine,Algeria,85830
46,22,34,2023-09-14,4,4594.72,reduce,8,129.46,Yes remain exist author set police. Sure of manager current dog.,235,tracy,sparks,sarah95@hotmail.com,+1-038-198-6859,"USNV Andrews
FPO AA 46904",Alishaland,Wyoming,Thailand,75436
47,118,49,2024-03-28,12,4442.95,beautiful,10,986.38,Hour his north. Of often risk avoid every party.,37,christopher,ramirez,hernandezdaniel@jones-pacheco.info,+1-190-309-9267x927,"10958 Brian Forge Apt. 600
Lake Jenny, AZ 50432",Garciachester,Georgia,Falkland Islands (Malvinas),57972
48,67,26,2023-12-21,8,8960.26,responsibility,4,153.51,Might dream able. Foreign executive knowledge new.,472,brittany,smith,muellerjodi@valentine.com,781-715-1230x34805,"2035 Theresa Extension Suite 216
West Tammyside, TN 59280",South Brianstad,Iowa,Honduras,55311
49,60,3,2024-01-27,6,9148.12,nearly,9,79.0,Day style picture democratic material science. Nothing want lead tell.,190,tracey,salazar,christopher10@yahoo.com,761-896-1488,"10644 Watson Junctions
Jamesfurt, NY 01580",Jeffreyberg,Georgia,Bosnia and Herzegovina,5419
50,65,11,2023-07-28,3,8104.78,policy,2,110.17,Option one like quality five finish. Everyone issue behind rule item. Lead letter garden.,355,angelica,turner,erica85@rush-miller.org,442.993.2293x920,"1726 Ryan Plains Apt. 748
Johnsonbury, AL 06066",Stanleymouth,Missouri,French Polynesia,88441
51,73,34,2024-03-25,13,4873.91,reduce,8,129.46,Yes remain exist author set police. Sure of manager current dog.,235,bradley,calderon,roger88@valentine.net,7060880023,"9083 Perez Village Suite 567
Port Christinaland, MA 24421",Bethanyton,South Dakota,United States of America,70528
52,129,38,2023-11-04,15,5499.46,build,7,298.29,Around what guess activity also expert.,406,darrell,meyer,beasleymary@neal.com,235-593-3468x63224,"02268 Kelsey Freeway Apt. 180
Lake Derekmouth, NC 28067",East Markfurt,New Jersey,Christmas Island,11964
53,188,34,2024-03-10,6,1856.19,reduce,8,129.46,Yes remain exist author set police. Sure of manager current dog.,235,stephanie,guzman,parkerandrea@daniels.com,111-463-6291x215,"88398 Christopher Circles Suite 416
Lake Kathleen, SC 41738",West Natasha,Alabama,Cambodia,32838
54,73,9,2023-07-06,1,908.3,defense,2,810.62,Total election business ok realize choose. In control about product society. Take ok area.,37,bradley,calderon,roger88@valentine.net,7060880023,"9083 Perez Village Suite 567
Port Christinaland, MA 24421",Bethanyton,South Dakota,United States of America,70528
55,149,34,2023-11-21,18,2383.7,reduce,8,129.46,Yes remain exist author set police. Sure of manager current dog.,235,jason,baker,larrythompson@yahoo.com,855-195-6538x283,"1556 Lambert Summit Apt. 531
Port Heather, HI 89141",Port Claytonton,Illinois,Guernsey,94175
56,61,37,2024-03-31,9,8378.7,Republican,8,595.37,Way glass quality. Manager finish true officer though light.,33,sheila,davis,myersjared@campbell-jimenez.com,+1-467-674-3833x350,"4815 John Summit Suite 703
North Jasonberg, WV 28803",West Tracie,New York,Tanzania,48352
57,4,47,2024-02-07,11,3468.23,catch,5,572.69,Administration cover sit. Half talk finish off require. Firm exist such some world.,302,jessica,howard,nicholascunningham@yahoo.com,(946)894-5217,"USCGC Camacho
FPO AA 58967",West Austin,Washington,Gabon,49806
58,106,34,2024-05-13,7,3601.64,reduce,8,129.46,Yes remain exist author set police. Sure of manager current dog.,235,chelsey,rhodes,zavalastephanie@holland.com,(148)160-7190x309,"812 Rachel Club Suite 515
Jacquelinechester, MI 23385",Nathanielhaven,Montana,Bulgaria,14827
59,46,48,2024-06-06,5,1710.38,employee,2,99.61,She weight popular anyone level sing.,613,david,martin,karenguerra@gmail.com,+1-780-363-8619x1881,"USCGC Henry
FPO AP 99042",Woodsborough,Hawaii,Nicaragua,36416
60,82,26,2024-05-06,18,9208.64,responsibility,4,153.51,Might dream able. Foreign executive knowledge new.,472,john,reyes,abrown@yahoo.com,(551)222-7330x721,"5367 Smith Extension
Michellechester, NJ 49940",West Josechester,West Virginia,Guernsey,64494
61,9,21,2023-07-23,16,4121.96,tough,4,164.4,Magazine consumer whole thing office. Four white list open direction message friend amount.,151,dawn,jones,kimberly73@vasquez-clark.com,001-577-396-5377,"037 Mack Parks
Ambertown, LA 84437",Longburgh,Kansas,Algeria,77949
62,145,30,2024-04-28,15,395.75,morning,3,565.29,"When language couple cost. Economy various can.
Forward deep base sometimes section.",733,christopher,huff,jacqueline18@cooper-swanson.net,668.628.7495,"82482 Marilyn Isle
North Eddie, VA 64382",New Jamesborough,Arkansas,Poland,55178
63,4,46,2023-11-19,18,4467.1,data,9,803.21,Beat player model option say people. Section show candidate. Artist front music traditional.,817,jessica,howard,nicholascunningham@yahoo.com,(946)894-5217,"USCGC Camacho
FPO AA 58967",West Austin,Washington,Gabon,49806
64,198,7,2023-09-20,9,9216.7,wind,8,552.17,Bit visit describe stop hit open. Lose successful contain animal night simple third free.,453,kristina,carr,aaronbell@jenkins.com,+1-823-945-0338,"84016 Miller Wells
Dianeberg, MD 86296",South Mark,Virginia,Guatemala,17790
65,182,38,2023-11-01,16,586.42,build,7,298.29,Around what guess activity also expert.,406,john,garcia,andrewmassey@allen.biz,1412732359,"5301 Dawn Vista
North Joshuastad, TX 82260",New Kyle,Connecticut,Korea,60447
66,38,29,2023-09-21,5,1040.6,to,3,226.3,Ten network vote a anything capital produce. Walk school theory player door house attention media.,117,tony,rodriguez,edwardortiz@smith.com,522-377-1453x3501,"6234 Curry View
Lake Taylorborough, CO 75057",South Samuelport,Connecticut,American Samoa,5419
67,100,27,2023-08-08,11,1337.13,direction,2,245.32,Task against know order arrive American statement. Point art year heavy apply. Major he size story.,153,nicole,peterson,wjohnson@oneill.com,791.171.5944,"2443 Cross Harbor Apt. 524
Brownland, NJ 00800",Ashleyport,Massachusetts,Israel,35861
68,6,42,2024-04-29,8,874.42,property,4,961.65,Your woman organization bill court watch. Protect any send camera.,291,traci,murphy,baileymichelle@holmes-lowery.org,(964)452-1714x385,"9237 Phillip Creek Suite 317
Lake Ericland, KS 07139",Darylville,New Mexico,Cyprus,50064
69,4,15,2023-10-30,8,7903.76,person,4,351.77,Agent ball eight. Across interest close so practice interest because.,418,jessica,howard,nicholascunningham@yahoo.com,(946)894-5217,"USCGC Camacho
FPO AA 58967",West Austin,Washington,Gabon,49806
70,77,42,2024-02-20,15,2953.42,property,4,961.65,Your woman organization bill court watch. Protect any send camera.,291,dalton,cline,jennifersmith@allen-myers.com,840.132.7476x080,"22464 Andrea Mount Suite 779
Gonzalezville, MA 27061",Brownhaven,Texas,Niue,11789
71,60,39,2024-01-02,5,9031.75,form,5,361.2,Campaign group walk leader across gas what. Culture practice him movie concern why.,920,tracey,salazar,christopher10@yahoo.com,761-896-1488,"10644 Watson Junctions
Jamesfurt, NY 01580",Jeffreyberg,Georgia,Bosnia and Herzegovina,5419
72,128,32,2023-07-14,4,6588.35,thousand,7,454.63,Forward buy letter work speak.,391,justin,cannon,ivaldez@gonzalez-clark.net,(049)969-3596,"648 Robinson Inlet
Garciaville, IA 74966",West Christopherville,Oregon,Anguilla,79723
73,171,44,2024-02-23,2,104.3,ten,9,538.37,Watch save dark. Activity able visit significant.,985,kenneth,huffman,nancy66@shaffer.com,525-839-1344x09594,"08087 Annette Ridges
West Pamela, ID 95228",Melissastad,Rhode Island,Afghanistan,84443
74,21,22,2023-08-19,13,7067.74,accept,10,111.73,Evening respond herself. Feeling if still clearly.,484,andre,harris,dylan18@yahoo.com,001-528-592-1714x6896,"858 Paul Groves Apt. 671
West Paulfurt, PA 81738",South Maxmouth,California,Estonia,55779
75,11,4,2023-12-10,16,1571.81,Mr,6,370.16,Like factor major edge region wind operation. Woman each miss challenge camera.,439,whitney,martin,martinezchristine@yahoo.com,(157)800-7227x56023,"805 Katherine Meadows
South Charles, WV 53239",North Joseph,Idaho,Macao,48017
76,170,47,2023-10-07,9,4910.4,catch,5,572.69,Administration cover sit. Half talk finish off require. Firm exist such some world.,302,rebecca,guerrero,diana02@harrell.net,(581)098-0388x035,"4854 Jenkins Islands Apt. 493
Stephenside, MT 70203",Lake Kathleen,Indiana,Zambia,81338
77,142,36,2023-08-10,7,2186.15,scientist,9,31.21,Responsibility provide his green land down. Between rise notice.,617,adrian,lawson,matthew73@morris.org,+1-622-911-5688,"2383 Hunt Port Apt. 544
South Linda, IA 02401",East Thomasfurt,Idaho,Gambia,35600
78,165,38,2024-06-16,7,3286.67,build,7,298.29,Around what guess activity also expert.,406,cheryl,sanchez,ramseyshannon@hotmail.com,001-737-044-9287x0233,"63749 Andrew Lake
North Amyview, HI 63569",South Gregorychester,Mississippi,Central African Republic,49081
79,1,38,2023-11-08,1,5077.69,build,7,298.29,Around what guess activity also expert.,406,scott,harris,carternicholas@hotmail.com,8982047741,"USS Walsh
FPO AA 40955",Masonton,Nevada,Azerbaijan,20201
80,113,29,2023-08-23,1,9888.81,to,3,226.3,Ten network vote a anything capital produce. Walk school theory player door house attention media.,117,david,robertson,sanchezdavid@gmail.com,(534)705-3111x5092,"PSC 7694, Box 9830
APO AP 85133",Erichaven,South Dakota,Norfolk Island,1777
81,174,45,2023-10-25,3,6371.55,finally,3,533.97,Break character raise list. Gun top crime cover reach reduce expect name.,239,reginald,mclaughlin,adamsnicholas@yahoo.com,+1-547-661-5918,"8943 Paul Lodge Suite 887
South Barbarafurt, MN 69905",North Katherine,Massachusetts,Belize,29089
82,89,31,2024-03-20,15,6321.57,song,3,135.27,Cell ever agree today. Interest personal rise choice.,721,kevin,blankenship,charles32@palmer.com,894.252.6866x58353,"3569 Anthony Lake
New Misty, ND 66757",Rogersview,Wisconsin,Lithuania,67789
83,84,37,2023-09-08,3,2839.4,Republican,8,595.37,Way glass quality. Manager finish true officer though light.,33,william,herrera,alyssa43@hotmail.com,5981785620,"1741 Stone Course
South Amyburgh, VT 44963",North Samuel,Montana,Nauru,39365
84,132,20,2023-08-10,10,8883.86,inside,5,980.81,Sit weight a interesting seat stay behind. Member set amount west safe.,459,christy,foster,petersmaria@yahoo.com,001-455-776-3466x45903,"670 Leah Orchard
Dawnton, VT 17818",West Nicholas,North Dakota,Bulgaria,49299
85,23,12,2023-12-08,5,9992.13,start,9,326.69,Pretty hot forward case art read. Economy game thank society garden five stuff. Admit movie run.,899,kathryn,oconnell,chelsea42@yahoo.com,001-379-974-0283x325,"184 Noble Lodge Apt. 152
Jasminetown, UT 57873",Christinehaven,Nebraska,Malaysia,37955
86,112,33,2024-05-19,15,8995.94,most,5,182.87,In note pull top. Artist life history it later both.,847,justin,moody,michael75@yahoo.com,(677)349-9455x511,"2297 Washington Common Apt. 190
East Patriciachester, MA 08143",Port Kelly,Ohio,Turkey,61001
87,160,16,2024-03-31,3,8174.14,if,9,753.57,Open ever instead wind. Black less reduce control. Site century power finally nothing build.,749,sylvia,reynolds,amyodom@thompson.com,970.412.5502x4959,"8722 Miller Gardens
West William, MA 31981",Sotoville,Colorado,Belgium,76565
88,68,11,2023-09-30,10,3587.6,policy,2,110.17,Option one like quality five finish. Everyone issue behind rule item. Lead letter garden.,355,karen,flores,williamsdustin@young.org,581-169-3479,"PSC 3502, Box 2847
APO AE 04101",Morganland,Kentucky,Croatia,58451
89,181,4,2024-02-11,18,7565.82,Mr,6,370.16,Like factor major edge region wind operation. Woman each miss challenge camera.,439,samuel,johnson,ahernandez@johnson.com,(575)893-3713,"PSC 1178, Box 6756
APO AE 25212",New Danielmouth,Rhode Island,Bolivia,7308
90,19,17,2024-05-31,14,7813.36,most,2,718.96,Enter goal since move for. Line no again different conference.,57,kimberly,nelson,ortizjacob@hotmail.com,+1-166-717-5307x6964,"6209 Robin Squares Apt. 347
South Jamesville, MO 48447",Jeffreychester,Kansas,Seychelles,93715
91,79,25,2024-03-21,13,6017.54,base,4,112.74,Page teach pay present the. Seek suddenly build wish discussion.,664,michelle,jones,whitejessica@parsons.com,+1-484-902-1169,"22564 Sutton Walk Apt. 628
Haynesstad, NH 69564",Michelleshire,Montana,Canada,82270
92,2,46,2024-04-16,17,7476.91,data,9,803.21,Beat player model option say people. Section show candidate. Artist front music traditional.,817,sharon,willis,jbartlett@gmail.com,+1-539-422-2202x39285,"143 Holt Springs Suite 511
Coxfort, MS 68418",Marissafurt,Indiana,French Southern Territories,77532
93,122,10,2024-05-04,1,1553.74,share,6,683.89,She entire light magazine court mission significant. Quality share never expect.,20,john,castro,lwatson@brown-wright.com,+1-007-420-2868x31712,"7239 Wilson Burg Suite 318
Tammyshire, WI 98031",East Keithport,Nevada,Niue,45275
94,129,9,2023-07-02,8,7267.46,defense,2,810.62,Total election business ok realize choose. In control about product society. Take ok area.,37,darrell,meyer,beasleymary@neal.com,235-593-3468x63224,"02268 Kelsey Freeway Apt. 180
Lake Derekmouth, NC 28067",East Markfurt,New Jersey,Christmas Island,11964
95,16,17,2024-01-01,2,3469.33,most,2,718.96,Enter goal since move for. Line no again different conference.,57,nicholas,gibson,amandaruiz@brown-robinson.com,486-122-9401x16833,"494 Wolfe Junctions Suite 127
New Maryshire, FL 58688",Bridgesland,Alaska,Cayman Islands,69231
96,49,22,2024-03-20,19,8910.31,accept,10,111.73,Evening respond herself. Feeling if still clearly.,484,kimberly,romero,barnesderrick@owens.net,617.731.3075x1378,"8338 Rebecca Courts Suite 992
South Samuel, MS 04925",South Stephanieville,North Carolina,Ecuador,8044
97,184,27,2023-07-15,5,9593.1,direction,2,245.32,Task against know order arrive American statement. Point art year heavy apply. Major he size story.,153,david,clark,lindseygallagher@hotmail.com,364-283-0130x313,"46332 Garcia Lakes Apt. 694
South David, OH 57966",Kennethport,Louisiana,Georgia,47226
98,3,28,2023-10-06,13,384.18,person,1,794.63,Few site direction national summer hair. Party firm boy work accept.,435,nicholas,murillo,williamquinn@greer.biz,(373)914-4404x871,"624 Thomas Cliff Apt. 060
Rachelmouth, ME 44834",Lake Angela,Ohio,Guinea-Bissau,18956
99,144,47,2023-10-24,8,5978.81,catch,5,572.69,Administration cover sit. Half talk finish off require. Firm exist such some world.,302,carol,gould,xunderwood@hotmail.com,+1-826-636-6283x2917,"696 Prince Mountains
East David, CO 22899",Hunterburgh,Missouri,Saint Barthelemy,67068
100,103,36,2023-07-14,16,113.64,scientist,9,31.21,Responsibility provide his green land down. Between rise notice.,617,krista,leach,amckinney@yahoo.com,001-985-336-6656x27352,"USNV Lamb
FPO AE 48495",Jeffreymouth,Florida,Turkmenistan,2724
101,47,17,2024-06-03,4,7529.99,most,2,718.96,Enter goal since move for. Line no again different conference.,57,calvin,dunn,garciajoshua@gmail.com,917-198-4945x5191,"PSC 2469, Box 9414
APO AE 14108",Benjaminbury,Mississippi,Eritrea,79597
102,191,28,2023-07-14,3,961.52,person,1,794.63,Few site direction national summer hair. Party firm boy work accept.,435,mark,owen,vmoyer@montgomery.biz,+1-737-800-5656x1841,"6388 Jason Squares Suite 994
East Samuel, CT 23533",Brianview,Maryland,France,9504
103,25,43,2023-08-08,4,4552.18,form,5,53.19,Board kid how care. Coach must race student citizen ahead instead. Memory politics part he always.,791,jocelyn,lambert,logan87@reed-schneider.net,001-362-471-5965,"440 Derrick Extension Apt. 960
North Jennifer, AL 76882",Lake Edwardville,Wyoming,Maldives,96063
104,47,9,2024-04-26,15,9188.6,defense,2,810.62,Total election business ok realize choose. In control about product society. Take ok area.,37,calvin,dunn,garciajoshua@gmail.com,917-198-4945x5191,"PSC 2469, Box 9414
APO AE 14108",Benjaminbury,Mississippi,Eritrea,79597
105,84,1,2023-09-04,7,1753.67,prove,9,47.55,Report talk letter. Race next perhaps never star.,472,william,herrera,alyssa43@hotmail.com,5981785620,"1741 Stone Course
South Amyburgh, VT 44963",North Samuel,Montana,Nauru,39365
106,87,50,2024-02-21,3,9359.32,prepare,3,521.24,Before rule born foot. Artist federal can perhaps people summer.,404,joseph,carter,zbarnes@mann.com,+1-131-778-6787,"116 Kenneth Mountains Apt. 083
Guerreroshire, GA 86464",Port Stacyborough,Connecticut,Turkmenistan,58161
107,181,26,2024-02-12,1,1910.37,responsibility,4,153.51,Might dream able. Foreign executive knowledge new.,472,samuel,johnson,ahernandez@johnson.com,(575)893-3713,"PSC 1178, Box 6756
APO AE 25212",New Danielmouth,Rhode Island,Bolivia,7308
108,67,28,2023-11-16,11,6973.11,person,1,794.63,Few site direction national summer hair. Party firm boy work accept.,435,brittany,smith,muellerjodi@valentine.com,781-715-1230x34805,"2035 Theresa Extension Suite 216
West Tammyside, TN 59280",South Brianstad,Iowa,Honduras,55311
109,55,4,2023-08-05,12,9813.7,Mr,6,370.16,Like factor major edge region wind operation. Woman each miss challenge camera.,439,david,barrera,haynesmarcus@goodman.info,2944640203,"Unit 7672 Box 5387
DPO AP 69070",New Scott,Connecticut,Zimbabwe,14289
110,141,19,2024-04-01,14,8797.32,her,6,985.67,Economy either way finish he. Deep from plant commercial drug spend fly education.,322,april,mckenzie,hschaefer@contreras-huffman.biz,112.159.1459x0724,"537 Melinda Fort Apt. 535
Theresaborough, WA 49616",Fergusonfort,Indiana,Gambia,2382
111,36,18,2024-02-29,3,7781.95,plant,7,919.64,"Glass reason join body perhaps.
Example pay stay technology.",99,mark,meza,scollins@rice.com,+1-764-376-5899x7359,"PSC 8052, Box 6148
APO AA 39321",Lake Ericville,South Dakota,Aruba,77682
112,193,24,2024-06-10,1,2627.4,several,1,86.5,Range front data course. Body mean song include start.,876,adam,matthews,valerie67@hotmail.com,4507279925,"64099 Donald Summit Apt. 790
New Stephenfort, ME 82422",New Matthew,Arkansas,Kazakhstan,98671
113,82,12,2023-09-18,15,7286.93,start,9,326.69,Pretty hot forward case art read. Economy game thank society garden five stuff. Admit movie run.,899,john,reyes,abrown@yahoo.com,(551)222-7330x721,"5367 Smith Extension
Michellechester, NJ 49940",West Josechester,West Virginia,Guernsey,64494
114,138,39,2023-07-01,3,9540.48,form,5,361.2,Campaign group walk leader across gas what. Culture practice him movie concern why.,920,sandra,schmidt,marissa82@diaz.com,+1-971-931-1499x035,"650 Love Village
Scottmouth, MA 06156",Parkermouth,Nevada,Mozambique,57347
115,70,46,2023-08-26,5,9289.91,data,9,803.21,Beat player model option say people. Section show candidate. Artist front music traditional.,817,regina,conrad,ggonzalez@patterson-schwartz.com,763-098-8366x50647,"014 Christian Ridges Suite 345
Sheilaburgh, MN 02634",East Meganport,Michigan,Lao People's Democratic Republic,48959
116,129,46,2024-01-19,5,9015.99,data,9,803.21,Beat player model option say people. Section show candidate. Artist front music traditional.,817,darrell,meyer,beasleymary@neal.com,235-593-3468x63224,"02268 Kelsey Freeway Apt. 180
Lake Derekmouth, NC 28067",East Markfurt,New Jersey,Christmas Island,11964
117,200,44,2024-01-24,5,5760.4,ten,9,538.37,Watch save dark. Activity able visit significant.,985,kaitlin,everett,karen33@stuart.biz,434-292-3077x73291,"34642 Adams Villages
Fitzgeraldburgh, NM 33494",New Mary,South Dakota,Palau,81391
118,73,27,2024-02-02,3,5740.88,direction,2,245.32,Task against know order arrive American statement. Point art year heavy apply. Major he size story.,153,bradley,calderon,roger88@valentine.net,7060880023,"9083 Perez Village Suite 567
Port Christinaland, MA 24421",Bethanyton,South Dakota,United States of America,70528
119,132,16,2024-03-12,15,1466.28,if,9,753.57,Open ever instead wind. Black less reduce control. Site century power finally nothing build.,749,christy,foster,petersmaria@yahoo.com,001-455-776-3466x45903,"670 Leah Orchard
Dawnton, VT 17818",West Nicholas,North Dakota,Bulgaria,49299
120,195,2,2024-05-10,9,3979.16,new,1,676.83,Never sit her debate. Appear skill skin sing forget evidence not.,270,jared,baker,shelley23@hotmail.com,7868140590,"53028 Walker Isle
East Michealport, IN 15589",Ianberg,Iowa,Argentina,45631
121,93,32,2024-02-24,3,3247.35,thousand,7,454.63,Forward buy letter work speak.,391,matthew,jones,nicholas42@maxwell.com,+1-747-297-2384,"82550 Ronald River Apt. 142
New Mary, CT 37124",New Kristifurt,Montana,Cote d'Ivoire,97901
122,174,38,2023-08-29,7,7640.56,build,7,298.29,Around what guess activity also expert.,406,reginald,mclaughlin,adamsnicholas@yahoo.com,+1-547-661-5918,"8943 Paul Lodge Suite 887
South Barbarafurt, MN 69905",North Katherine,Massachusetts,Belize,29089
123,123,8,2023-10-13,15,2937.12,adult,10,258.5,House play fear night seven spring. Situation where listen few newspaper last sport.,509,shannon,hall,perezjulie@brady.com,(925)628-5169,"9753 Robert Garden Apt. 813
East Michelleview, SC 86240",West Justinbury,Idaho,Jamaica,32080
124,117,22,2023-07-05,14,829.19,accept,10,111.73,Evening respond herself. Feeling if still clearly.,484,samantha,walsh,chardin@maxwell.com,+1-376-309-0946,"5328 Vanessa Flat
North Kevinview, IL 80295",Natashastad,Vermont,Costa Rica,39569
125,10,36,2023-09-09,19,2064.58,scientist,9,31.21,Responsibility provide his green land down. Between rise notice.,617,michael,allen,maxwellbrian@simpson.com,+1-985-036-8849x4989,"83374 Joseph Mill Suite 490
South Elizabethberg, PA 36028",Riveraland,Michigan,Cocos (Keeling) Islands,16087
126,157,48,2023-07-11,17,3632.81,employee,2,99.61,She weight popular anyone level sing.,613,helen,sullivan,zwoods@stewart-yang.com,001-324-940-2083x1832,"Unit 2882 Box 0664
DPO AA 85563",Penamouth,Oklahoma,Colombia,22481
127,119,22,2023-11-20,16,4051.76,accept,10,111.73,Evening respond herself. Feeling if still clearly.,484,troy,lewis,mackenzie71@stewart.com,(339)515-6246x67010,"7585 Kari Key
East Shannon, NV 16440",West Jenniferland,Michigan,Mozambique,77368
128,75,1,2023-10-05,16,7694.8,prove,9,47.55,Report talk letter. Race next perhaps never star.,472,phillip,graves,umorgan@smith-miller.com,+1-109-251-0514x87760,"7626 Moore Street Apt. 088
Andrewhaven, WV 61550",South Jasonberg,Minnesota,French Polynesia,87625
129,92,6,2024-04-16,7,4627.3,tax,7,712.76,Response win standard mouth. Seek some thousand record this rate.,212,carrie,miller,qpierce@hotmail.com,(304)732-3625,"6219 Kelly Squares Apt. 500
Wilsonbury, MO 99668",Jasonbury,Ohio,Namibia,72352
130,85,8,2024-05-06,5,4802.3,adult,10,258.5,House play fear night seven spring. Situation where listen few newspaper last sport.,509,michael,smith,umorris@buckley.net,169-659-4850x515,"089 Higgins Canyon Apt. 369
Avilamouth, CT 95671",Westberg,Mississippi,Vietnam,82586
131,148,46,2023-11-05,4,1531.59,data,9,803.21,Beat player model option say people. Section show candidate. Artist front music traditional.,817,richard,stewart,lisabecker@blackwell.com,001-076-885-6184x4059,"3048 Jennifer Dale
Port Alicia, VA 76070",Lake Stacey,Georgia,Comoros,75482
132,3,37,2023-12-03,18,9381.13,Republican,8,595.37,Way glass quality. Manager finish true officer though light.,33,nicholas,murillo,williamquinn@greer.biz,(373)914-4404x871,"624 Thomas Cliff Apt. 060
Rachelmouth, ME 44834",Lake Angela,Ohio,Guinea-Bissau,18956
133,123,4,2023-09-20,11,8575.6,Mr,6,370.16,Like factor major edge region wind operation. Woman each miss challenge camera.,439,shannon,hall,perezjulie@brady.com,(925)628-5169,"9753 Robert Garden Apt. 813
East Michelleview, SC 86240",West Justinbury,Idaho,Jamaica,32080
134,48,5,2023-07-29,15,1187.3,mission,6,732.6,Computer oil early best. Traditional program mean town official unit leg. Game music hot.,376,krista,white,nrussell@gmail.com,890.982.9124x80826,"Unit 1204 Box 1947
DPO AA 51989",Ronaldfurt,Kentucky,Mauritius,31198
135,145,34,2023-10-16,14,9989.35,reduce,8,129.46,Yes remain exist author set police. Sure of manager current dog.,235,christopher,huff,jacqueline18@cooper-swanson.net,668.628.7495,"82482 Marilyn Isle
North Eddie, VA 64382",New Jamesborough,Arkansas,Poland,55178
136,137,16,2023-12-08,6,5797.71,if,9,753.57,Open ever instead wind. Black less reduce control. Site century power finally nothing build.,749,kelsey,warner,aliceconway@yates.com,001-770-458-6246x8649,"861 Clark Terrace Apt. 490
Thomasberg, OR 06236",East Gabrielle,Mississippi,Hungary,34234
137,178,24,2023-08-04,19,6006.85,several,1,86.5,Range front data course. Body mean song include start.,876,kristi,acosta,dunnerika@johnson.net,345.512.2022,"318 Donna Estates
South Pedro, GA 10694",Jennyburgh,Virginia,Egypt,95177
138,143,44,2024-04-11,10,1470.14,ten,9,538.37,Watch save dark. Activity able visit significant.,985,jason,young,joshua71@lee-blake.net,001-907-954-4502x634,"237 Jackson Ferry
Paulashire, MN 52853",Peterville,New Hampshire,Turkmenistan,35924
139,142,36,2023-10-21,2,190.77,scientist,9,31.21,Responsibility provide his green land down. Between rise notice.,617,adrian,lawson,matthew73@morris.org,+1-622-911-5688,"2383 Hunt Port Apt. 544
South Linda, IA 02401",East Thomasfurt,Idaho,Gambia,35600
140,164,28,2024-06-07,15,3955.24,person,1,794.63,Few site direction national summer hair. Party firm boy work accept.,435,laura,hines,flowersjessica@montoya.org,643.196.1263,"529 Howard Stream Suite 383
Millerbury, WI 51706",Port Sara,New Hampshire,Thailand,4610
141,10,46,2024-03-30,15,9515.6,data,9,803.21,Beat player model option say people. Section show candidate. Artist front music traditional.,817,michael,allen,maxwellbrian@simpson.com,+1-985-036-8849x4989,"83374 Joseph Mill Suite 490
South Elizabethberg, PA 36028",Riveraland,Michigan,Cocos (Keeling) Islands,16087
142,130,45,2023-07-12,7,2352.35,finally,3,533.97,Break character raise list. Gun top crime cover reach reduce expect name.,239,thomas,murphy,tyoung@gmail.com,001-521-696-4852x45969,"17055 Wright Lights Suite 663
Martinezchester, GA 92143",Caseyfort,Maine,Venezuela,28443
143,136,8,2024-01-03,2,8884.8,adult,10,258.5,House play fear night seven spring. Situation where listen few newspaper last sport.,509,robert,gray,michaelyoung@gmail.com,(254)924-0713,"584 Callahan Key
Kellyfurt, NV 81560",South Brettfurt,Louisiana,Croatia,38596
144,85,23,2024-05-10,16,1288.44,force,3,775.61,Power understand trade detail term recognize employee. Within step film like father could.,537,michael,smith,umorris@buckley.net,169-659-4850x515,"089 Higgins Canyon Apt. 369
Avilamouth, CT 95671",Westberg,Mississippi,Vietnam,82586
145,195,15,2023-10-02,5,829.91,person,4,351.77,Agent ball eight. Across interest close so practice interest because.,418,jared,baker,shelley23@hotmail.com,7868140590,"53028 Walker Isle
East Michealport, IN 15589",Ianberg,Iowa,Argentina,45631
146,44,14,2023-12-23,8,2425.34,feeling,4,336.2,Think present want work recently. While clearly side. South southern value generation interest.,926,michael,rogers,joseph05@stokes.net,(709)164-3281x769,"876 Rebecca Circle Apt. 894
Lake Melissaton, AL 72247",West Noah,North Dakota,Cyprus,2814
147,80,5,2023-08-04,11,600.51,mission,6,732.6,Computer oil early best. Traditional program mean town official unit leg. Game music hot.,376,john,morris,karencarney@hotmail.com,086.130.5594x8651,"228 Michael Pine
Port Josephport, WY 38198",North Christopherhaven,Washington,Heard Island and McDonald Islands,75662
148,157,1,2023-10-30,18,1371.57,prove,9,47.55,Report talk letter. Race next perhaps never star.,472,helen,sullivan,zwoods@stewart-yang.com,001-324-940-2083x1832,"Unit 2882 Box 0664
DPO AA 85563",Penamouth,Oklahoma,Colombia,22481
149,156,6,2023-12-27,13,3072.72,tax,7,712.76,Response win standard mouth. Seek some thousand record this rate.,212,robert,west,jessica16@martin.info,580.636.2887x78659,"64338 Shelley Views
Danielmouth, CO 35065",Gabriellebury,Montana,Guatemala,46307
150,40,11,2023-11-12,17,980.58,policy,2,110.17,Option one like quality five finish. Everyone issue behind rule item. Lead letter garden.,355,gwendolyn,pierce,jimsingleton@conner-evans.com,5821410266,"22648 Angela View
Port Timothyborough, UT 34173",Hinesport,Connecticut,Swaziland,15531
151,47,17,2023-11-30,2,7827.4,most,2,718.96,Enter goal since move for. Line no again different conference.,57,calvin,dunn,garciajoshua@gmail.com,917-198-4945x5191,"PSC 2469, Box 9414
APO AE 14108",Benjaminbury,Mississippi,Eritrea,79597
152,111,16,2023-10-08,11,5819.13,if,9,753.57,Open ever instead wind. Black less reduce control. Site century power finally nothing build.,749,jessica,richardson,grodriguez@martin.com,467.098.6981x751,"292 Rhodes Prairie Suite 505
East Ambershire, KS 84882",Lake Albertshire,Iowa,Indonesia,49409
153,63,34,2024-05-14,4,2513.22,reduce,8,129.46,Yes remain exist author set police. Sure of manager current dog.,235,jason,edwards,fmanning@gmail.com,8210558536,"8773 Owens Terrace Suite 157
Bensonview, SD 19142",North Jaime,Alaska,Ireland,40464
154,48,2,2023-12-21,4,8230.16,new,1,676.83,Never sit her debate. Appear skill skin sing forget evidence not.,270,krista,white,nrussell@gmail.com,890.982.9124x80826,"Unit 1204 Box 1947
DPO AA 51989",Ronaldfurt,Kentucky,Mauritius,31198
155,51,37,2024-06-07,6,6302.79,Republican,8,595.37,Way glass quality. Manager finish true officer though light.,33,dawn,hayes,melissa54@dillon.com,659-456-0689x2275,"29970 Amanda Mountains Apt. 004
East Debra, OR 14932",Wilkinsonberg,Mississippi,Liechtenstein,28171
156,1,50,2023-12-16,6,6841.4,prepare,3,521.24,Before rule born foot. Artist federal can perhaps people summer.,404,scott,harris,carternicholas@hotmail.com,8982047741,"USS Walsh
FPO AA 40955",Masonton,Nevada,Azerbaijan,20201
157,156,20,2024-01-20,6,32.79,inside,5,980.81,Sit weight a interesting seat stay behind. Member set amount west safe.,459,robert,west,jessica16@martin.info,580.636.2887x78659,"64338 Shelley Views
Danielmouth, CO 35065",Gabriellebury,Montana,Guatemala,46307
158,82,7,2024-03-19,12,4336.1,wind,8,552.17,Bit visit describe stop hit open. Lose successful contain animal night simple third free.,453,john,reyes,abrown@yahoo.com,(551)222-7330x721,"5367 Smith Extension
Michellechester, NJ 49940",West Josechester,West Virginia,Guernsey,64494
159,141,50,2024-05-30,6,7651.68,prepare,3,521.24,Before rule born foot. Artist federal can perhaps people summer.,404,april,mckenzie,hschaefer@contreras-huffman.biz,112.159.1459x0724,"537 Melinda Fort Apt. 535
Theresaborough, WA 49616",Fergusonfort,Indiana,Gambia,2382
160,45,45,2023-10-17,9,6438.2,finally,3,533.97,Break character raise list. Gun top crime cover reach reduce expect name.,239,johnny,knight,bassandrew@gonzalez.biz,(023)678-0753,"4447 Michael Pass
East Susanland, DE 36368",Lake Kellychester,Michigan,Saudi Arabia,64334
161,154,28,2024-01-16,7,9286.53,person,1,794.63,Few site direction national summer hair. Party firm boy work accept.,435,jerry,brown,nicholasdawson@warner.biz,681-506-6742x8984,"008 Amanda Rue Suite 139
North Jennifertown, RI 35132",North Erikamouth,Minnesota,United States of America,76318
162,54,49,2024-04-21,15,4383.2,beautiful,10,986.38,Hour his north. Of often risk avoid every party.,37,kenneth,williams,chad97@yahoo.com,352.031.9283,"74196 Melissa Drives
New Jacob, TN 34806",Griffinhaven,New York,Paraguay,23562
163,54,20,2023-08-22,12,753.76,inside,5,980.81,Sit weight a interesting seat stay behind. Member set amount west safe.,459,kenneth,williams,chad97@yahoo.com,352.031.9283,"74196 Melissa Drives
New Jacob, TN 34806",Griffinhaven,New York,Paraguay,23562
164,146,46,2023-08-26,12,4645.24,data,9,803.21,Beat player model option say people. Section show candidate. Artist front music traditional.,817,tammy,crawford,christopher61@oliver.com,854.007.1165x42313,"259 Alexandra Rapid Apt. 778
New Valerie, GA 90059",Markton,Ohio,Guyana,52392
165,140,27,2023-11-13,3,2380.84,direction,2,245.32,Task against know order arrive American statement. Point art year heavy apply. Major he size story.,153,walter,clements,fredwilliams@hotmail.com,020-059-8603x89205,"2929 Robert Summit Apt. 399
North Sue, UT 01893",West Karen,Wyoming,Estonia,80252
166,151,13,2024-06-08,19,5459.4,marriage,5,565.5,Speak car again player wife safe stuff modern.,700,melissa,moore,steven98@watson-marquez.info,147.712.9090x324,"21403 Anderson Courts
Lake Elizabeth, IN 18919",Lake Jerry,Washington,Barbados,42088
167,72,18,2024-04-14,7,3402.8,plant,7,919.64,"Glass reason join body perhaps.
Example pay stay technology.",99,natasha,sampson,yluna@nguyen.net,(323)357-7198,"423 Watson Avenue Apt. 145
Lake Catherineburgh, WV 12293",Pruittbury,Maryland,South Georgia and the South Sandwich Islands,95329
168,62,47,2023-10-22,1,1436.22,catch,5,572.69,Administration cover sit. Half talk finish off require. Firm exist such some world.,302,justin,miller,judyallen@gmail.com,8108079166,"02663 Gomez Fall
Port Henry, IN 70306",Gibsonborough,Kentucky,Sweden,78563
169,129,40,2023-08-17,16,345.62,heart,8,859.89,Yard too relationship actually teach crime. Participant should organization main girl maintain.,596,darrell,meyer,beasleymary@neal.com,235-593-3468x63224,"02268 Kelsey Freeway Apt. 180
Lake Derekmouth, NC 28067",East Markfurt,New Jersey,Christmas Island,11964
170,39,27,2023-08-07,11,9323.34,direction,2,245.32,Task against know order arrive American statement. Point art year heavy apply. Major he size story.,153,debra,rose,kayladunn@gmail.com,794-463-2586,"54903 Susan Square
West Michael, SC 30136",Briannafurt,Oregon,Belize,93106
171,130,36,2023-10-01,17,1546.65,scientist,9,31.21,Responsibility provide his green land down. Between rise notice.,617,thomas,murphy,tyoung@gmail.com,001-521-696-4852x45969,"17055 Wright Lights Suite 663
Martinezchester, GA 92143",Caseyfort,Maine,Venezuela,28443
172,149,33,2024-03-01,9,122.81,most,5,182.87,In note pull top. Artist life history it later both.,847,jason,baker,larrythompson@yahoo.com,855-195-6538x283,"1556 Lambert Summit Apt. 531
Port Heather, HI 89141",Port Claytonton,Illinois,Guernsey,94175
173,63,28,2024-02-19,15,3202.47,person,1,794.63,Few site direction national summer hair. Party firm boy work accept.,435,jason,edwards,fmanning@gmail.com,8210558536,"8773 Owens Terrace Suite 157
Bensonview, SD 19142",North Jaime,Alaska,Ireland,40464
174,137,36,2023-11-12,9,3771.76,scientist,9,31.21,Responsibility provide his green land down. Between rise notice.,617,kelsey,warner,aliceconway@yates.com,001-770-458-6246x8649,"861 Clark Terrace Apt. 490
Thomasberg, OR 06236",East Gabrielle,Mississippi,Hungary,34234
175,164,15,2023-10-23,16,5182.4,person,4,351.77,Agent ball eight. Across interest close so practice interest because.,418,laura,hines,flowersjessica@montoya.org,643.196.1263,"529 Howard Stream Suite 383
Millerbury, WI 51706",Port Sara,New Hampshire,Thailand,4610
176,106,15,2023-08-31,7,2542.68,person,4,351.77,Agent ball eight. Across interest close so practice interest because.,418,chelsey,rhodes,zavalastephanie@holland.com,(148)160-7190x309,"812 Rachel Club Suite 515
Jacquelinechester, MI 23385",Nathanielhaven,Montana,Bulgaria,14827
177,54,11,2024-02-27,14,7940.1,policy,2,110.17,Option one like quality five finish. Everyone issue behind rule item. Lead letter garden.,355,kenneth,williams,chad97@yahoo.com,352.031.9283,"74196 Melissa Drives
New Jacob, TN 34806",Griffinhaven,New York,Paraguay,23562
178,99,17,2024-03-26,6,8358.4,most,2,718.96,Enter goal since move for. Line no again different conference.,57,anthony,gonzalez,sdavis@yahoo.com,944.351.7592x3257,"26979 Pham Radial
Mollychester, DC 93773",Maryton,Arizona,Jersey,21998
179,95,13,2024-05-27,16,9867.28,marriage,5,565.5,Speak car again player wife safe stuff modern.,700,kim,nunez,hansonwalter@gmail.com,+1-114-248-7634,"1520 Michael Via Apt. 938
Danielsmouth, MN 27845",South Alicia,Kansas,Mauritania,71917
180,138,5,2023-09-04,15,8983.5,mission,6,732.6,Computer oil early best. Traditional program mean town official unit leg. Game music hot.,376,sandra,schmidt,marissa82@diaz.com,+1-971-931-1499x035,"650 Love Village
Scottmouth, MA 06156",Parkermouth,Nevada,Mozambique,57347
181,147,24,2024-01-30,11,7651.74,several,1,86.5,Range front data course. Body mean song include start.,876,mikayla,wang,jayroberts@gmail.com,(067)045-9161x2410,"396 David Rue Apt. 996
Lake Caleb, TN 16114",West Tony,Idaho,Mexico,53684
182,97,14,2024-03-23,13,9711.11,feeling,4,336.2,Think present want work recently. While clearly side. South southern value generation interest.,926,meagan,whitehead,antoniothompson@yahoo.com,001-052-035-5310x88003,"9824 Smith Plain Apt. 856
Natashahaven, VT 12592",New Micheal,Missouri,Belize,85132
183,115,6,2024-02-09,16,349.47,tax,7,712.76,Response win standard mouth. Seek some thousand record this rate.,212,joshua,torres,knorris@olson.com,812.928.8481,"492 Kevin Port
South Victoria, MT 83119",Port Michael,Colorado,Belarus,2194
184,24,46,2024-03-17,13,2214.87,data,9,803.21,Beat player model option say people. Section show candidate. Artist front music traditional.,817,daniel,webster,rpugh@diaz-green.com,+1-166-530-3123x525,"643 Christopher Ferry
South Gary, WI 90083",Jamesberg,Virginia,Turkey,34687
185,8,20,2023-12-12,1,6376.5,inside,5,980.81,Sit weight a interesting seat stay behind. Member set amount west safe.,459,brooke,gomez,anthonyroberson@gmail.com,874-040-3503x9500,"050 Garcia Rest Suite 775
Dawnhaven, CA 96697",North Joshua,Maryland,United States Virgin Islands,74962
186,144,46,2024-02-16,4,8144.76,data,9,803.21,Beat player model option say people. Section show candidate. Artist front music traditional.,817,carol,gould,xunderwood@hotmail.com,+1-826-636-6283x2917,"696 Prince Mountains
East David, CO 22899",Hunterburgh,Missouri,Saint Barthelemy,67068
187,59,7,2023-07-23,1,9415.83,wind,8,552.17,Bit visit describe stop hit open. Lose successful contain animal night simple third free.,453,diana,finley,gary07@anderson.biz,+1-376-497-4993x243,"01636 Orr Ridge
Port Colinborough, OR 52062",South Walterton,Vermont,Sweden,31983
188,148,27,2024-02-19,16,7376.42,direction,2,245.32,Task against know order arrive American statement. Point art year heavy apply. Major he size story.,153,richard,stewart,lisabecker@blackwell.com,001-076-885-6184x4059,"3048 Jennifer Dale
Port Alicia, VA 76070",Lake Stacey,Georgia,Comoros,75482
189,149,29,2024-05-17,6,607.95,to,3,226.3,Ten network vote a anything capital produce. Walk school theory player door house attention media.,117,jason,baker,larrythompson@yahoo.com,855-195-6538x283,"1556 Lambert Summit Apt. 531
Port Heather, HI 89141",Port Claytonton,Illinois,Guernsey,94175
190,110,28,2023-12-31,18,2849.26,person,1,794.63,Few site direction national summer hair. Party firm boy work accept.,435,april,thomas,mackadrienne@bass-sharp.info,+1-566-151-3324x01046,"Unit 0465 Box 8995
DPO AE 68810",New Joshuaport,Wyoming,Poland,39013
191,104,45,2024-03-28,7,9151.85,finally,3,533.97,Break character raise list. Gun top crime cover reach reduce expect name.,239,laura,montgomery,spencer47@yahoo.com,+1-978-502-1478x33176,"4355 Bowman Road Suite 566
South Heathertown, IA 59171",Amandaside,West Virginia,Bahrain,74113
192,112,4,2023-08-10,17,9865.9,Mr,6,370.16,Like factor major edge region wind operation. Woman each miss challenge camera.,439,justin,moody,michael75@yahoo.com,(677)349-9455x511,"2297 Washington Common Apt. 190
East Patriciachester, MA 08143",Port Kelly,Ohio,Turkey,61001
193,45,36,2024-05-06,5,4258.98,scientist,9,31.21,Responsibility provide his green land down. Between rise notice.,617,johnny,knight,bassandrew@gonzalez.biz,(023)678-0753,"4447 Michael Pass
East Susanland, DE 36368",Lake Kellychester,Michigan,Saudi Arabia,64334
194,42,11,2024-06-05,5,8467.45,policy,2,110.17,Option one like quality five finish. Everyone issue behind rule item. Lead letter garden.,355,desiree,kaiser,davilalauren@yahoo.com,+1-380-461-0711x82281,"97362 Nathan Greens
New Cody, NH 63469",East Veronicastad,Pennsylvania,Malawi,59947
195,36,28,2024-02-11,17,1897.4,person,1,794.63,Few site direction national summer hair. Party firm boy work accept.,435,mark,meza,scollins@rice.com,+1-764-376-5899x7359,"PSC 8052, Box 6148
APO AA 39321",Lake Ericville,South Dakota,Aruba,77682
196,63,19,2023-08-21,2,746.92,her,6,985.67,Economy either way finish he. Deep from plant commercial drug spend fly education.,322,jason,edwards,fmanning@gmail.com,8210558536,"8773 Owens Terrace Suite 157
Bensonview, SD 19142",North Jaime,Alaska,Ireland,40464
197,47,50,2024-06-17,8,1401.59,prepare,3,521.24,Before rule born foot. Artist federal can perhaps people summer.,404,calvin,dunn,garciajoshua@gmail.com,917-198-4945x5191,"PSC 2469, Box 9414
APO AE 14108",Benjaminbury,Mississippi,Eritrea,79597
198,137,16,2024-01-10,10,9537.82,if,9,753.57,Open ever instead wind. Black less reduce control. Site century power finally nothing build.,749,kelsey,warner,aliceconway@yates.com,001-770-458-6246x8649,"861 Clark Terrace Apt. 490
Thomasberg, OR 06236",East Gabrielle,Mississippi,Hungary,34234
199,52,4,2023-08-29,8,7328.57,Mr,6,370.16,Like factor major edge region wind operation. Woman each miss challenge camera.,439,james,salas,smithjames@gonzalez.com,+1-365-408-9093,"1528 Danny Mill
Judithstad, OR 31312",Lake Michaelview,Florida,Papua New Guinea,68434
200,2,13,2023-09-04,14,5004.1,marriage,5,565.5,Speak car again player wife safe stuff modern.,700,sharon,willis,jbartlett@gmail.com,+1-539-422-2202x39285,"143 Holt Springs Suite 511
Coxfort, MS 68418",Marissafurt,Indiana,French Southern Territories,77532
